-- MySQL dump 10.13  Distrib 5.7.12, for Win64 (x86_64)
--
-- Host: localhost    Database: social
-- ------------------------------------------------------
-- Server version	5.7.15-log

/*!40101 SET @OLD_CHARACTER_SET_CLIENT=@@CHARACTER_SET_CLIENT */;
/*!40101 SET @OLD_CHARACTER_SET_RESULTS=@@CHARACTER_SET_RESULTS */;
/*!40101 SET @OLD_COLLATION_CONNECTION=@@COLLATION_CONNECTION */;
/*!40101 SET NAMES utf8 */;
/*!40103 SET @OLD_TIME_ZONE=@@TIME_ZONE */;
/*!40103 SET TIME_ZONE='+00:00' */;
/*!40014 SET @OLD_UNIQUE_CHECKS=@@UNIQUE_CHECKS, UNIQUE_CHECKS=0 */;
/*!40014 SET @OLD_FOREIGN_KEY_CHECKS=@@FOREIGN_KEY_CHECKS, FOREIGN_KEY_CHECKS=0 */;
/*!40101 SET @OLD_SQL_MODE=@@SQL_MODE, SQL_MODE='NO_AUTO_VALUE_ON_ZERO' */;
/*!40111 SET @OLD_SQL_NOTES=@@SQL_NOTES, SQL_NOTES=0 */;

--
-- Table structure for table `aandq`
--

DROP TABLE IF EXISTS `aandq`;
/*!40101 SET @saved_cs_client     = @@character_set_client */;
/*!40101 SET character_set_client = utf8 */;
CREATE TABLE `aandq` (
  `id` int(11) NOT NULL AUTO_INCREMENT,
  `context` longtext,
  `ans` longtext,
  `score` int(10) DEFAULT NULL,
  `analysis` longtext,
  PRIMARY KEY (`id`)
) ENGINE=InnoDB AUTO_INCREMENT=8 DEFAULT CHARSET=utf8;
/*!40101 SET character_set_client = @saved_cs_client */;

--
-- Dumping data for table `aandq`
--

LOCK TABLES `aandq` WRITE;
/*!40000 ALTER TABLE `aandq` DISABLE KEYS */;
INSERT INTO `aandq` VALUES (1,'hhhhhhhh','null',0,'哈哈'),(2,'hhhhhhhh','红红火火恍恍惚惚',10,'哈哈哈哈'),(3,'A','null',5,'C'),(4,'没有  分数','null',5,'没有'),(5,'A','null',8,'解析'),(6,'这里是题干','null',15,'你要的解析'),(7,'AAAAAA','null',15,'解析');
/*!40000 ALTER TABLE `aandq` ENABLE KEYS */;
UNLOCK TABLES;

--
-- Table structure for table `exam`
--

DROP TABLE IF EXISTS `exam`;
/*!40101 SET @saved_cs_client     = @@character_set_client */;
/*!40101 SET character_set_client = utf8 */;
CREATE TABLE `exam` (
  `ID` int(11) NOT NULL AUTO_INCREMENT,
  `title` varchar(45) NOT NULL,
  `description` mediumtext,
  `userID` int(11) DEFAULT NULL,
  `joiner` int(11) DEFAULT NULL,
  `rights` int(11) DEFAULT NULL,
  `people` int(11) DEFAULT '0',
  `totalscore` int(11) DEFAULT '0',
  `publish` int(11) DEFAULT '1',
  PRIMARY KEY (`ID`)
) ENGINE=InnoDB AUTO_INCREMENT=82 DEFAULT CHARSET=utf8;
/*!40101 SET character_set_client = @saved_cs_client */;

--
-- Dumping data for table `exam`
--

LOCK TABLES `exam` WRITE;
/*!40000 ALTER TABLE `exam` DISABLE KEYS */;
INSERT INTO `exam` VALUES (1,'tmy1','tmy的第一套试题',1,2,2,NULL,0,1),(2,'tmy2','tmy的第二套试题',1,2,1,NULL,0,1),(3,'null','null',1,NULL,NULL,NULL,0,1),(4,'null','null',1,NULL,NULL,NULL,0,1),(5,'null','null',1,NULL,NULL,NULL,0,1),(7,'null','null',1,NULL,NULL,NULL,0,1),(8,'null','null',1,NULL,NULL,NULL,0,1),(9,'null','null',1,NULL,NULL,NULL,0,1),(10,'null','null',1,NULL,NULL,NULL,0,1),(11,'null','null',1,NULL,NULL,NULL,0,1),(12,'null','null',1,NULL,NULL,NULL,0,1),(13,'null','null',1,NULL,NULL,NULL,0,1),(14,'null','null',1,NULL,NULL,NULL,0,1),(15,'test4','44444',1,2,1,NULL,0,1),(16,'null','null',1,NULL,NULL,NULL,0,1),(17,'test6','test6',1,1,2,NULL,0,1),(18,'null','null',1,NULL,NULL,NULL,0,1),(19,'null','null',1,NULL,NULL,NULL,0,1),(21,'TEST7','试卷的描述TEST7',1,1,1,NULL,0,1),(22,'null','null',1,NULL,NULL,NULL,0,1),(23,'null','null',1,NULL,NULL,NULL,0,1),(24,'null','null',1,NULL,NULL,NULL,0,1),(25,'null','null',1,NULL,NULL,NULL,0,1),(26,'null','null',1,NULL,NULL,NULL,0,1),(27,'null','null',1,NULL,NULL,NULL,0,1),(28,'null','null',1,NULL,NULL,NULL,0,1),(29,'null','null',1,NULL,NULL,NULL,0,1),(30,'null','null',1,NULL,NULL,NULL,0,1),(31,'null','null',1,NULL,NULL,NULL,0,1),(32,'null','null',1,NULL,NULL,NULL,0,1),(33,'null','null',1,NULL,NULL,NULL,0,1),(34,'null','null',1,NULL,NULL,NULL,0,1),(35,'test','asdf试卷的描述',1,1,1,NULL,0,1),(36,'test11.20','1120',1,1,1,NULL,0,1),(37,'null','null',1,NULL,NULL,NULL,0,1),(38,'null','null',1,NULL,NULL,NULL,0,1),(39,'null','null',1,NULL,NULL,NULL,0,1),(40,'test11.20','1120',1,2,1,NULL,0,1),(42,'tmytest','tmytest',1,1,1,NULL,0,1),(43,'null','null',1,NULL,NULL,NULL,0,1),(44,'awef','awef',1,1,1,NULL,0,1),(45,'null','null',1,NULL,NULL,NULL,0,1),(46,'null','null',1,NULL,NULL,NULL,0,1),(47,'null','null',1,NULL,NULL,NULL,0,1),(48,'null','null',1,NULL,NULL,NULL,0,1),(49,'null','null',1,NULL,NULL,NULL,0,1),(50,'tmytest2','tmytest2',1,2,1,NULL,0,1),(51,'null','null',1,NULL,NULL,NULL,0,1),(52,'testNov.30','testNov.30',1,2,1,NULL,0,1),(53,'testNov.30 2','testNov.30 2',1,1,1,0,0,1),(54,'testYC','testYC',1,1,1,0,0,1),(55,'testYC2','testYC2',1,1,1,0,0,1),(56,'null','null',1,NULL,NULL,0,0,1),(57,'null','null',1,NULL,NULL,0,0,1),(58,'null','null',1,NULL,NULL,0,0,1),(59,'April的紫丁香','A',1,1,1,0,0,1),(60,'AAAAA','A',1,1,1,0,0,1),(61,'April的紫丁香','AAAAAA',1,1,1,0,0,1),(62,'April的紫丁香','AAAA\r\n			\r\n			\r\n			\r\n			\r\n			\r\n			',1,1,1,0,0,1),(63,'April的紫丁香','A\r\n			\r\n			\r\n			\r\n			\r\n			\r\n			\r\n			\r\n			\r\n			\r\n			\r\n			\r\n			',1,1,1,0,0,1),(64,'April的紫丁香','ASSSS',3,1,1,0,0,1),(65,'April的紫丁香','aaaa\r\n			\r\n			\r\n			\r\n			\r\n			\r\n			\r\n			\r\n			\r\n			\r\n			',1,1,1,0,0,1),(66,'April的紫丁香','A\r\n			\r\n			\r\n			\r\n			\r\n			',1,1,1,0,0,1),(67,'April的紫丁香','S',1,1,1,0,0,1),(68,'April的紫丁香','AAAA\r\n			\r\n			\r\n			\r\n			\r\n			',1,1,1,6,88,1),(69,'null','null',1,NULL,NULL,0,0,1),(70,'April的紫丁香','a',1,1,1,0,0,1),(71,'April的紫丁香','A',1,1,1,0,0,1),(72,'April的紫丁香','SA\r\n			',1,1,1,0,0,0),(73,'April的紫丁香','AAA',1,1,1,0,0,1),(74,'April的紫丁香','aaaaaa',1,1,1,0,0,1),(75,'April的紫丁香','A',1,1,1,0,0,1),(76,'AAAAA','AAAAAAAAAAAA',1,1,1,0,0,1),(77,'April的紫丁香','AAA',1,1,1,0,0,1),(78,'April的紫丁香','a\r\n			\r\n			',1,1,1,0,0,1),(79,'April的紫丁香','a',1,1,1,0,0,1),(80,'null','null',1,NULL,NULL,0,0,1),(81,'April的紫丁香','绝密',1,1,1,6,186,1);
/*!40000 ALTER TABLE `exam` ENABLE KEYS */;
UNLOCK TABLES;

--
-- Table structure for table `exam_question`
--

DROP TABLE IF EXISTS `exam_question`;
/*!40101 SET @saved_cs_client     = @@character_set_client */;
/*!40101 SET character_set_client = utf8 */;
CREATE TABLE `exam_question` (
  `examID` int(11) NOT NULL,
  `questionID` int(11) NOT NULL,
  `type` int(11) NOT NULL,
  `people` int(11) DEFAULT '0',
  `peopleR` int(11) DEFAULT '0',
  `userID` int(11) NOT NULL,
  `score` int(11) DEFAULT '0'
) ENGINE=InnoDB DEFAULT CHARSET=utf8;
/*!40101 SET character_set_client = @saved_cs_client */;

--
-- Dumping data for table `exam_question`
--

LOCK TABLES `exam_question` WRITE;
/*!40000 ALTER TABLE `exam_question` DISABLE KEYS */;
INSERT INTO `exam_question` VALUES (1,1,1,30,30,0,0),(1,4,1,NULL,NULL,0,0),(2,6,1,NULL,NULL,0,0),(15,4,1,NULL,NULL,0,0),(17,4,1,NULL,NULL,0,0),(6,4,1,NULL,NULL,0,0),(21,4,1,NULL,NULL,0,0),(22,1,1,30,30,0,0),(22,4,1,NULL,NULL,0,0),(23,4,1,NULL,NULL,0,0),(26,4,1,NULL,NULL,0,0),(27,1,1,30,30,0,0),(28,4,1,NULL,NULL,0,0),(29,4,1,NULL,NULL,0,0),(30,1,1,30,30,0,0),(30,2,1,14,14,0,0),(31,1,1,30,30,0,0),(32,4,1,NULL,NULL,0,0),(33,1,1,30,30,0,0),(40,4,1,NULL,NULL,0,0),(40,1,1,30,30,0,0),(42,6,1,0,0,0,0),(44,4,1,0,0,0,0),(50,6,1,0,0,0,0),(52,13,2,14,2,1,0),(52,10,2,14,1,1,0),(52,8,1,16,15,1,0),(52,1,1,30,30,1,0),(53,4,1,0,0,1,0),(53,6,1,0,0,1,0),(53,10,2,14,1,1,0),(53,12,2,0,0,1,0),(54,14,1,0,0,1,0),(54,1,1,30,30,1,0),(54,10,2,14,1,1,0),(54,1,2,0,0,1,0),(55,4,1,0,0,1,0),(61,2,3,11,11,1,0),(62,2,1,14,14,1,0),(62,11,2,14,5,1,0),(62,2,3,11,11,1,0),(66,1,1,30,30,1,0),(66,2,1,14,14,1,0),(66,11,2,14,5,1,0),(66,9,2,14,12,1,0),(66,2,4,0,0,1,0),(68,1,1,30,30,1,0),(68,2,1,14,14,1,0),(68,9,2,14,12,1,0),(68,11,2,14,5,1,0),(68,2,3,11,11,1,0),(68,3,3,11,11,1,0),(71,1,3,0,0,1,0),(71,2,4,0,0,1,0),(72,1,3,0,0,1,0),(72,2,4,0,0,1,0),(0,1,1,30,30,1,0),(0,2,1,14,14,1,0),(0,12,2,0,0,1,0),(0,15,2,0,0,1,0),(0,8,1,0,0,1,0),(79,8,1,0,0,1,0),(79,9,1,0,0,1,0),(79,1,2,0,0,1,0),(79,9,2,14,12,1,0),(77,8,1,0,0,1,0),(77,9,1,0,0,1,0),(78,7,1,0,0,1,0),(78,2,4,0,0,1,0),(78,8,1,0,0,1,0),(78,9,1,0,0,1,0),(78,9,2,0,0,1,0),(81,17,1,6,6,1,25),(81,18,1,6,4,1,0),(81,5,4,6,5,1,25),(81,6,4,6,3,1,24),(81,16,2,6,1,1,5),(81,17,2,6,6,1,75),(81,4,3,6,6,1,0),(81,5,3,6,6,1,0);
/*!40000 ALTER TABLE `exam_question` ENABLE KEYS */;
UNLOCK TABLES;

--
-- Table structure for table `exam_user`
--

DROP TABLE IF EXISTS `exam_user`;
/*!40101 SET @saved_cs_client     = @@character_set_client */;
/*!40101 SET character_set_client = utf8 */;
CREATE TABLE `exam_user` (
  `examID` int(11) DEFAULT NULL,
  `userID` int(11) DEFAULT NULL,
  `score` int(11) DEFAULT NULL,
  `checked` int(11) DEFAULT '0'
) ENGINE=InnoDB DEFAULT CHARSET=utf8;
/*!40101 SET character_set_client = @saved_cs_client */;

--
-- Dumping data for table `exam_user`
--

LOCK TABLES `exam_user` WRITE;
/*!40000 ALTER TABLE `exam_user` DISABLE KEYS */;
INSERT INTO `exam_user` VALUES (52,1,2,0),(52,1,2,0),(52,1,2,0),(52,1,2,0),(52,1,2,0),(52,1,2,0),(52,1,2,0),(52,1,1,0),(52,1,2,0),(52,1,2,0),(52,1,2,0),(52,1,2,0),(52,1,4,0),(68,1,2,0),(68,1,16,0),(68,1,14,0),(68,1,16,0),(68,1,16,0),(68,1,14,0),(68,1,16,0),(68,1,14,0),(68,1,14,0),(68,1,14,0),(81,1,25,0);
/*!40000 ALTER TABLE `exam_user` ENABLE KEYS */;
UNLOCK TABLES;

--
-- Table structure for table `exam_user_answer`
--

DROP TABLE IF EXISTS `exam_user_answer`;
/*!40101 SET @saved_cs_client     = @@character_set_client */;
/*!40101 SET character_set_client = utf8 */;
CREATE TABLE `exam_user_answer` (
  `userID` int(11) DEFAULT NULL,
  `examID` int(11) DEFAULT NULL,
  `questionID` int(11) DEFAULT NULL,
  `questionType` int(11) DEFAULT NULL,
  `answer` varchar(200) DEFAULT NULL,
  `rightt` int(11) DEFAULT NULL,
  `rrred` int(11) DEFAULT '0',
  `score` int(11) DEFAULT '0'
) ENGINE=InnoDB DEFAULT CHARSET=utf8;
/*!40101 SET character_set_client = @saved_cs_client */;

--
-- Dumping data for table `exam_user_answer`
--

LOCK TABLES `exam_user_answer` WRITE;
/*!40000 ALTER TABLE `exam_user_answer` DISABLE KEYS */;
INSERT INTO `exam_user_answer` VALUES (1,52,8,1,'1',1,0,0),(1,52,1,1,'2',1,0,0),(1,52,13,2,'111/#212/#333',0,0,0),(1,52,10,2,'255/#344/#',0,0,0),(1,52,8,1,'1',1,0,0),(1,52,1,1,'2',1,0,0),(1,52,8,1,'1',1,0,0),(1,52,1,1,'2',1,0,0),(1,52,13,2,'111/#212/#333',0,0,0),(1,52,10,2,'255/#344/#',0,0,0),(1,52,8,1,'2',0,0,0),(1,52,1,1,'2',1,0,0),(1,52,13,2,'111/#222/#333',0,0,0),(1,52,10,2,'255/#344/#',0,0,0),(1,52,8,1,'1',1,0,0),(1,52,1,1,'3',1,0,0),(1,52,13,2,'111/#222/#333',0,0,0),(1,52,10,2,'111/#222/#333',0,0,0),(1,52,8,1,'1',1,0,0),(1,52,1,1,'2',1,0,0),(1,52,13,2,'A/#B/#',0,0,0),(1,52,10,2,'A/#B/#',0,0,0),(1,52,8,1,'1',1,0,0),(1,52,1,1,'3',1,0,0),(1,52,8,1,'1',1,0,0),(1,52,1,1,'3',1,0,0),(1,52,13,2,'A/#B/#',1,0,0),(1,52,10,2,'A/#B/#',0,0,0),(1,52,8,1,'1',1,0,0),(1,52,1,1,'2',1,0,0),(1,52,13,2,'A/#B/#',1,0,0),(1,52,10,2,'A/#B/#',0,0,0),(1,52,8,1,'1',1,0,0),(1,52,1,1,'2',1,0,0),(1,52,13,2,'a/#b/#',0,0,0),(1,52,10,2,'a/#b/#',1,0,0),(1,52,8,1,'4',0,0,0),(1,52,8,1,'4',0,0,0),(1,68,1,1,'4',1,0,10),(1,68,2,1,'1',1,0,1),(1,68,9,2,'111/#222/#333/#',1,0,3),(1,68,11,2,'111/#555/#',0,0,0),(1,68,2,3,'哦呵呵',1,0,0),(1,68,3,3,'哦呵呵',1,0,0),(1,81,17,1,'1',1,0,5),(1,81,18,1,'1',0,0,0),(1,81,16,2,'11/#12/#',0,0,0),(1,81,17,2,'1/#2/#',1,0,15),(1,81,5,4,'110000',1,0,5),(1,81,6,4,'110000',0,0,0),(1,81,4,3,'偶尔喝喝',1,0,0),(1,81,5,3,'耦合和',1,0,0);
/*!40000 ALTER TABLE `exam_user_answer` ENABLE KEYS */;
UNLOCK TABLES;

--
-- Table structure for table `friend`
--

DROP TABLE IF EXISTS `friend`;
/*!40101 SET @saved_cs_client     = @@character_set_client */;
/*!40101 SET character_set_client = utf8 */;
CREATE TABLE `friend` (
  `A` int(10) unsigned zerofill DEFAULT NULL,
  `B` int(10) unsigned zerofill DEFAULT NULL,
  `type` int(11) NOT NULL
) ENGINE=InnoDB DEFAULT CHARSET=utf8;
/*!40101 SET character_set_client = @saved_cs_client */;

--
-- Dumping data for table `friend`
--

LOCK TABLES `friend` WRITE;
/*!40000 ALTER TABLE `friend` DISABLE KEYS */;
/*!40000 ALTER TABLE `friend` ENABLE KEYS */;
UNLOCK TABLES;

--
-- Table structure for table `group`
--

DROP TABLE IF EXISTS `group`;
/*!40101 SET @saved_cs_client     = @@character_set_client */;
/*!40101 SET character_set_client = utf8 */;
CREATE TABLE `group` (
  `id` int(11) NOT NULL AUTO_INCREMENT,
  `name` varchar(45) DEFAULT NULL,
  `description` varchar(45) DEFAULT NULL,
  PRIMARY KEY (`id`),
  UNIQUE KEY `id_UNIQUE` (`id`)
) ENGINE=InnoDB DEFAULT CHARSET=utf8;
/*!40101 SET character_set_client = @saved_cs_client */;

--
-- Dumping data for table `group`
--

LOCK TABLES `group` WRITE;
/*!40000 ALTER TABLE `group` DISABLE KEYS */;
/*!40000 ALTER TABLE `group` ENABLE KEYS */;
UNLOCK TABLES;

--
-- Table structure for table `group_exam`
--

DROP TABLE IF EXISTS `group_exam`;
/*!40101 SET @saved_cs_client     = @@character_set_client */;
/*!40101 SET character_set_client = utf8 */;
CREATE TABLE `group_exam` (
  `groupID` int(11) NOT NULL,
  `examID` int(11) NOT NULL
) ENGINE=InnoDB DEFAULT CHARSET=utf8;
/*!40101 SET character_set_client = @saved_cs_client */;

--
-- Dumping data for table `group_exam`
--

LOCK TABLES `group_exam` WRITE;
/*!40000 ALTER TABLE `group_exam` DISABLE KEYS */;
/*!40000 ALTER TABLE `group_exam` ENABLE KEYS */;
UNLOCK TABLES;

--
-- Table structure for table `group_questionbase`
--

DROP TABLE IF EXISTS `group_questionbase`;
/*!40101 SET @saved_cs_client     = @@character_set_client */;
/*!40101 SET character_set_client = utf8 */;
CREATE TABLE `group_questionbase` (
  `groupID` int(11) NOT NULL,
  `questionbaseID` int(11) NOT NULL
) ENGINE=InnoDB DEFAULT CHARSET=utf8;
/*!40101 SET character_set_client = @saved_cs_client */;

--
-- Dumping data for table `group_questionbase`
--

LOCK TABLES `group_questionbase` WRITE;
/*!40000 ALTER TABLE `group_questionbase` DISABLE KEYS */;
/*!40000 ALTER TABLE `group_questionbase` ENABLE KEYS */;
UNLOCK TABLES;

--
-- Table structure for table `group_user`
--

DROP TABLE IF EXISTS `group_user`;
/*!40101 SET @saved_cs_client     = @@character_set_client */;
/*!40101 SET character_set_client = utf8 */;
CREATE TABLE `group_user` (
  `groupID` int(11) NOT NULL DEFAULT '0',
  `userID` int(11) NOT NULL DEFAULT '0'
) ENGINE=InnoDB DEFAULT CHARSET=utf8;
/*!40101 SET character_set_client = @saved_cs_client */;

--
-- Dumping data for table `group_user`
--

LOCK TABLES `group_user` WRITE;
/*!40000 ALTER TABLE `group_user` DISABLE KEYS */;
/*!40000 ALTER TABLE `group_user` ENABLE KEYS */;
UNLOCK TABLES;

--
-- Table structure for table `log`
--

DROP TABLE IF EXISTS `log`;
/*!40101 SET @saved_cs_client     = @@character_set_client */;
/*!40101 SET character_set_client = utf8 */;
CREATE TABLE `log` (
  `userID` int(11) NOT NULL DEFAULT '0',
  `groupID` int(10) unsigned zerofill DEFAULT '0000000000',
  `examID` int(10) unsigned zerofill DEFAULT '0000000000',
  `qBaseID` int(10) unsigned zerofill DEFAULT '0000000000',
  `questionID` int(10) unsigned zerofill DEFAULT '0000000000',
  `questionType` int(10) unsigned zerofill DEFAULT '0000000000',
  `action` int(1) NOT NULL DEFAULT '0',
  `time` varchar(45) NOT NULL,
  `userIDB` int(10) unsigned zerofill DEFAULT NULL
) ENGINE=InnoDB DEFAULT CHARSET=utf8;
/*!40101 SET character_set_client = @saved_cs_client */;

--
-- Dumping data for table `log`
--

LOCK TABLES `log` WRITE;
/*!40000 ALTER TABLE `log` DISABLE KEYS */;
INSERT INTO `log` VALUES (1,0000000000,0000000000,0000000000,0000000000,0000000000,2,'2016/11/26 21:08:27',NULL),(1,0000000000,0000000000,0000000000,0000000000,0000000000,3,'2016/11/26 21:16:20',NULL),(1,0000000000,0000000000,0000000000,0000000000,0000000000,2,'2016/11/26 21:16:25',NULL),(1,0000000000,0000000000,0000000021,0000000000,0000000000,4,'2016/11/26 21:30:26',NULL),(1,0000000000,0000000000,0000000000,0000000000,0000000000,2,'2016/11/26 21:33:52',NULL),(1,0000000000,0000000000,0000000021,0000000000,0000000000,5,'2016/11/26 21:36:17',NULL),(1,0000000000,0000000000,0000000022,0000000000,0000000000,4,'2016/11/26 21:36:28',NULL),(1,0000000000,0000000000,0000000000,0000000000,0000000000,2,'2016/11/26 21:42:35',NULL),(1,0000000000,0000000000,0000000002,0000000015,0000000002,7,'2016/11/26 22:01:24',NULL),(1,0000000000,0000000000,0000000000,0000000000,0000000000,2,'2016/11/26 22:06:44',NULL),(1,0000000000,0000000000,0000000000,0000000000,0000000000,2,'2016/11/26 22:11:36',NULL),(1,0000000000,0000000000,0000000000,0000000000,0000000000,2,'2016/11/26 22:12:29',NULL),(1,0000000000,0000000000,0000000022,0000000013,0000000001,7,'2016/11/26 22:18:12',NULL),(1,0000000000,0000000000,0000000000,0000000000,0000000000,2,'2016/11/28 18:26:48',NULL),(1,0000000000,0000000000,0000000000,0000000000,0000000000,3,'2016/11/28 18:27:37',NULL),(5,0000000000,0000000000,0000000000,0000000000,0000000000,1,'2016/11/28 18:28:10',NULL),(5,0000000000,0000000000,0000000000,0000000000,0000000000,2,'2016/11/28 18:28:17',NULL),(1,0000000000,0000000000,0000000000,0000000000,0000000000,2,'2016/11/30 21:23:07',NULL),(1,0000000000,0000000053,0000000000,0000000000,0000000000,9,'2016/11/30 21:48:28',NULL),(1,0000000000,0000000053,0000000000,0000000004,0000000001,12,'2016/11/30 21:48:28',NULL),(1,0000000000,0000000053,0000000000,0000000006,0000000001,12,'2016/11/30 21:48:28',NULL),(1,0000000000,0000000053,0000000000,0000000010,0000000002,12,'2016/11/30 21:48:28',NULL),(1,0000000000,0000000053,0000000000,0000000012,0000000002,12,'2016/11/30 21:48:28',NULL),(1,0000000000,0000000000,0000000000,0000000000,0000000000,3,'2016/12/01 17:36:39',NULL),(1,0000000000,0000000000,0000000000,0000000000,0000000000,2,'2016/12/01 17:36:49',NULL),(1,0000000000,0000000000,0000000005,0000000000,0000000000,5,'2016/12/01 17:42:53',NULL),(1,0000000000,0000000000,0000000000,0000000000,0000000000,2,'2016/12/01 18:00:57',NULL),(1,0000000000,0000000000,0000000000,0000000000,0000000000,3,'2016/12/01 18:01:08',NULL),(1,0000000000,0000000000,0000000000,0000000000,0000000000,2,'2016/12/01 18:01:15',NULL),(1,0000000000,0000000000,0000000023,0000000000,0000000000,4,'2016/12/01 18:01:50',NULL),(1,0000000000,0000000000,0000000023,0000000014,0000000001,7,'2016/12/01 18:02:23',NULL),(1,0000000000,0000000054,0000000000,0000000000,0000000000,9,'2016/12/01 18:07:19',NULL),(1,0000000000,0000000054,0000000000,0000000014,0000000001,12,'2016/12/01 18:07:19',NULL),(1,0000000000,0000000054,0000000000,0000000001,0000000001,12,'2016/12/01 18:07:19',NULL),(1,0000000000,0000000054,0000000000,0000000010,0000000002,12,'2016/12/01 18:07:19',NULL),(1,0000000000,0000000054,0000000000,0000000001,0000000002,12,'2016/12/01 18:07:19',NULL),(1,0000000000,0000000000,0000000000,0000000000,0000000000,3,'2016/12/01 18:11:23',NULL),(1,0000000000,0000000000,0000000000,0000000000,0000000000,2,'2016/12/01 18:11:28',NULL),(1,0000000000,0000000000,0000000023,0000000000,0000000000,5,'2016/12/01 18:11:35',NULL),(1,0000000000,0000000000,0000000000,0000000000,0000000000,2,'2016/12/01 20:11:55',NULL),(1,0000000000,0000000000,0000000000,0000000000,0000000000,3,'2016/12/01 20:27:02',NULL),(1,0000000000,0000000000,0000000000,0000000000,0000000000,2,'2016/12/01 20:27:12',NULL),(1,0000000000,0000000000,0000000000,0000000000,0000000000,2,'2016/12/01 20:29:20',NULL),(1,0000000000,0000000000,0000000000,0000000000,0000000000,2,'2016/12/01 20:31:22',NULL),(1,0000000000,0000000000,0000000000,0000000000,0000000000,2,'2016/12/01 20:40:14',NULL),(1,0000000000,0000000000,0000000000,0000000000,0000000000,2,'2016/12/01 20:42:59',NULL),(1,0000000000,0000000000,0000000024,0000000000,0000000000,4,'2016/12/01 21:03:26',NULL),(1,0000000000,0000000000,0000000024,0000000001,0000000003,7,'2016/12/01 21:05:49',NULL),(1,0000000000,0000000000,0000000024,0000000002,0000000003,7,'2016/12/01 21:17:23',NULL),(1,0000000000,0000000000,0000000000,0000000000,0000000000,3,'2016/12/01 21:46:39',NULL),(1,0000000000,0000000000,0000000000,0000000000,0000000000,2,'2016/12/01 23:08:02',NULL),(1,0000000000,0000000000,0000000025,0000000000,0000000000,4,'2016/12/01 23:08:13',NULL),(1,0000000000,0000000000,0000000025,0000000000,0000000000,5,'2016/12/01 23:08:19',NULL),(1,0000000000,0000000000,0000000026,0000000000,0000000000,4,'2016/12/01 23:08:28',NULL),(1,0000000000,0000000000,0000000026,0000000001,0000000004,7,'2016/12/01 23:11:02',NULL),(1,0000000000,0000000000,0000000026,0000000002,0000000004,7,'2016/12/01 23:20:00',NULL),(6,0000000000,0000000000,0000000000,0000000000,0000000000,1,'2016/12/03 18:30:07',NULL),(6,0000000000,0000000000,0000000000,0000000000,0000000000,3,'2016/12/03 20:22:15',NULL),(6,0000000000,0000000000,0000000000,0000000000,0000000000,2,'2016/12/03 20:38:17',NULL),(6,0000000000,0000000000,0000000000,0000000000,0000000000,2,'2016/12/03 20:40:43',NULL),(6,0000000000,0000000000,0000000000,0000000000,0000000000,3,'2016/12/03 20:41:12',NULL),(6,0000000000,0000000000,0000000000,0000000000,0000000000,2,'2016/12/03 20:41:18',NULL),(6,0000000000,0000000000,0000000000,0000000000,0000000000,2,'2016/12/03 20:42:18',NULL),(6,0000000000,0000000000,0000000000,0000000000,0000000000,2,'2016/12/03 20:52:30',NULL),(6,0000000000,0000000000,0000000000,0000000000,0000000000,3,'2016/12/03 20:54:09',NULL),(6,0000000000,0000000000,0000000000,0000000000,0000000000,2,'2016/12/03 20:54:19',NULL),(6,0000000000,0000000000,0000000000,0000000000,0000000000,3,'2016/12/03 21:07:31',NULL),(6,0000000000,0000000000,0000000000,0000000000,0000000000,2,'2016/12/03 21:07:39',NULL),(6,0000000000,0000000000,0000000000,0000000000,0000000000,2,'2016/12/03 21:12:47',NULL),(6,0000000000,0000000000,0000000000,0000000000,0000000000,2,'2016/12/03 21:14:41',NULL),(6,0000000000,0000000000,0000000000,0000000000,0000000000,3,'2016/12/03 21:16:22',NULL),(6,0000000000,0000000000,0000000000,0000000000,0000000000,2,'2016/12/03 21:16:31',NULL),(6,0000000000,0000000000,0000000000,0000000000,0000000000,2,'2016/12/03 21:18:27',NULL),(6,0000000000,0000000000,0000000000,0000000000,0000000000,2,'2016/12/03 21:54:10',NULL),(6,0000000000,0000000000,0000000000,0000000000,0000000000,2,'2016/12/03 22:01:26',NULL),(6,0000000000,0000000000,0000000000,0000000000,0000000000,2,'2016/12/03 22:06:11',NULL),(6,0000000000,0000000000,0000000000,0000000000,0000000000,2,'2016/12/03 22:34:07',NULL),(6,0000000000,0000000000,0000000000,0000000000,0000000000,2,'2016/12/03 22:40:34',NULL),(6,0000000000,0000000000,0000000000,0000000000,0000000000,2,'2016/12/03 23:09:56',NULL),(6,0000000000,0000000000,0000000000,0000000000,0000000000,2,'2016/12/03 23:11:32',NULL),(6,0000000000,0000000000,0000000000,0000000000,0000000000,2,'2016/12/03 23:18:04',NULL),(1,0000000000,0000000000,0000000000,0000000000,0000000000,2,'2016/12/04 23:01:37',NULL),(1,0000000000,0000000000,0000000000,0000000000,0000000000,3,'2016/12/04 23:01:42',NULL),(6,0000000000,0000000000,0000000000,0000000000,0000000000,2,'2016/12/04 23:02:28',NULL),(6,0000000000,0000000000,0000000000,0000000000,0000000000,3,'2016/12/04 23:07:54',NULL),(6,0000000000,0000000000,0000000000,0000000000,0000000000,2,'2016/12/04 23:08:01',NULL),(6,0000000000,0000000000,0000000000,0000000000,0000000000,3,'2016/12/04 23:08:43',NULL),(6,0000000000,0000000000,0000000000,0000000000,0000000000,2,'2016/12/04 23:08:52',NULL),(1,0000000000,0000000000,0000000000,0000000000,0000000000,2,'2016/12/05 18:50:46',NULL),(1,0000000000,0000000000,0000000000,0000000000,0000000000,3,'2016/12/05 19:01:46',NULL),(6,0000000000,0000000000,0000000000,0000000000,0000000000,2,'2016/12/05 19:02:25',NULL),(6,0000000000,0000000000,0000000000,0000000000,0000000000,2,'2016/12/05 19:20:17',NULL),(6,0000000000,0000000000,0000000000,0000000000,0000000000,2,'2016/12/05 19:24:39',NULL),(6,0000000000,0000000000,0000000000,0000000000,0000000000,3,'2016/12/05 19:24:57',NULL),(1,0000000000,0000000000,0000000000,0000000000,0000000000,2,'2016/12/05 20:42:26',NULL),(1,0000000000,0000000000,0000000024,0000000003,0000000003,7,'2016/12/05 20:44:25',NULL),(1,0000000000,0000000000,0000000000,0000000000,0000000000,2,'2016/12/05 20:53:33',NULL),(1,0000000000,0000000001,0000000000,0000000000,0000000000,14,'2016/12/05 23:09:36',NULL),(1,0000000000,0000000000,0000000000,0000000000,0000000000,2,'2016/12/06 16:30:47',NULL),(1,0000000000,0000000000,0000000000,0000000000,0000000000,3,'2016/12/06 16:34:13',NULL),(3,0000000000,0000000000,0000000000,0000000000,0000000000,2,'2016/12/06 16:34:33',NULL),(3,0000000000,0000000000,0000000000,0000000000,0000000000,3,'2016/12/06 16:35:21',NULL),(1,0000000000,0000000000,0000000000,0000000000,0000000000,2,'2016/12/06 16:35:28',NULL),(1,0000000000,0000000001,0000000000,0000000000,0000000000,14,'2016/12/06 17:12:58',NULL),(1,0000000000,0000000000,0000000000,0000000000,0000000000,2,'2016/12/06 18:28:14',NULL),(1,0000000000,0000000001,0000000000,0000000000,0000000000,14,'2016/12/06 18:28:26',NULL),(1,0000000000,0000000001,0000000000,0000000000,0000000000,14,'2016/12/06 18:29:11',NULL),(1,0000000000,0000000001,0000000000,0000000000,0000000000,14,'2016/12/06 18:34:02',NULL),(1,0000000000,0000000000,0000000000,0000000000,0000000000,2,'2016/12/06 18:35:37',NULL),(1,0000000000,0000000001,0000000000,0000000000,0000000000,14,'2016/12/06 18:36:02',NULL),(1,0000000000,0000000001,0000000000,0000000000,0000000000,14,'2016/12/06 18:40:40',NULL),(1,0000000000,0000000000,0000000000,0000000000,0000000000,2,'2016/12/06 18:46:04',NULL),(1,0000000000,0000000000,0000000000,0000000000,0000000000,2,'2016/12/06 18:57:38',NULL),(1,0000000000,0000000001,0000000000,0000000000,0000000000,14,'2016/12/06 18:58:04',NULL),(1,0000000000,0000000000,0000000000,0000000000,0000000000,2,'2016/12/06 19:09:30',NULL),(1,0000000000,0000000001,0000000000,0000000000,0000000000,14,'2016/12/06 19:10:12',NULL),(1,0000000000,0000000001,0000000000,0000000000,0000000000,14,'2016/12/06 19:13:46',NULL),(1,0000000000,0000000001,0000000000,0000000000,0000000000,14,'2016/12/06 19:15:56',NULL),(1,0000000000,0000000000,0000000000,0000000000,0000000000,2,'2016/12/06 19:30:32',NULL),(1,0000000000,0000000001,0000000000,0000000000,0000000000,14,'2016/12/06 19:30:56',NULL),(1,0000000000,0000000000,0000000000,0000000000,0000000000,2,'2016/12/06 19:38:13',NULL),(1,0000000000,0000000001,0000000000,0000000000,0000000000,14,'2016/12/06 19:38:45',NULL),(1,0000000000,0000000001,0000000000,0000000000,0000000000,14,'2016/12/06 19:53:32',NULL),(1,0000000000,0000000066,0000000000,0000000000,0000000000,9,'2016/12/06 20:21:12',NULL),(1,0000000000,0000000066,0000000000,0000000001,0000000001,12,'2016/12/06 20:21:12',NULL),(1,0000000000,0000000066,0000000000,0000000002,0000000001,12,'2016/12/06 20:21:12',NULL),(1,0000000000,0000000066,0000000000,0000000011,0000000002,12,'2016/12/06 20:21:12',NULL),(1,0000000000,0000000066,0000000000,0000000009,0000000002,12,'2016/12/06 20:21:12',NULL),(1,0000000000,0000000066,0000000000,0000000002,0000000004,12,'2016/12/06 20:21:12',NULL),(1,0000000000,0000000000,0000000000,0000000000,0000000000,2,'2016/12/07 13:01:41',NULL),(1,0000000000,0000000068,0000000000,0000000000,0000000000,9,'2016/12/07 13:02:51',NULL),(1,0000000000,0000000068,0000000000,0000000001,0000000001,12,'2016/12/07 13:02:51',NULL),(1,0000000000,0000000068,0000000000,0000000002,0000000001,12,'2016/12/07 13:02:51',NULL),(1,0000000000,0000000068,0000000000,0000000009,0000000002,12,'2016/12/07 13:02:51',NULL),(1,0000000000,0000000068,0000000000,0000000011,0000000002,12,'2016/12/07 13:02:51',NULL),(1,0000000000,0000000068,0000000000,0000000002,0000000003,12,'2016/12/07 13:02:51',NULL),(1,0000000000,0000000068,0000000000,0000000003,0000000003,12,'2016/12/07 13:02:51',NULL),(1,0000000000,0000000001,0000000000,0000000000,0000000000,14,'2016/12/07 13:03:39',NULL),(1,0000000000,0000000000,0000000000,0000000000,0000000000,2,'2016/12/07 13:36:50',NULL),(1,0000000000,0000000000,0000000000,0000000000,0000000000,2,'2016/12/07 13:38:59',NULL),(1,0000000000,0000000000,0000000000,0000000000,0000000000,2,'2016/12/07 13:43:53',NULL),(1,0000000000,0000000000,0000000000,0000000000,0000000000,2,'2016/12/07 14:02:13',NULL),(1,0000000000,0000000000,0000000000,0000000000,0000000000,2,'2016/12/07 14:13:08',NULL),(1,0000000000,0000000000,0000000000,0000000000,0000000000,2,'2016/12/07 16:22:47',NULL),(1,0000000000,0000000001,0000000000,0000000000,0000000000,14,'2016/12/07 16:23:28',NULL),(1,0000000000,0000000000,0000000000,0000000000,0000000000,2,'2016/12/07 16:38:51',NULL),(1,0000000000,0000000000,0000000000,0000000000,0000000000,2,'2016/12/07 21:07:35',NULL),(1,0000000000,0000000001,0000000000,0000000000,0000000000,14,'2016/12/07 21:37:43',NULL),(1,0000000000,0000000001,0000000000,0000000000,0000000000,14,'2016/12/07 21:39:20',NULL),(1,0000000000,0000000001,0000000000,0000000000,0000000000,14,'2016/12/07 21:40:25',NULL),(1,0000000000,0000000000,0000000000,0000000000,0000000000,2,'2016/12/07 22:24:31',NULL),(1,0000000000,0000000072,0000000000,0000000000,0000000000,9,'2016/12/07 22:25:12',NULL),(1,0000000000,0000000072,0000000000,0000000001,0000000003,12,'2016/12/07 22:25:13',NULL),(1,0000000000,0000000072,0000000000,0000000002,0000000004,12,'2016/12/07 22:25:13',NULL),(1,0000000000,0000000000,0000000000,0000000000,0000000000,2,'2016/12/07 22:54:25',NULL),(1,0000000000,0000000000,0000000000,0000000000,0000000000,2,'2016/12/07 22:57:15',NULL),(1,0000000000,0000000000,0000000000,0000000000,0000000000,2,'2016/12/07 23:06:23',NULL),(1,0000000000,0000000000,0000000000,0000000000,0000000000,2,'2016/12/07 23:17:43',NULL),(1,0000000000,0000000000,0000000000,0000000000,0000000000,2,'2016/12/07 23:19:52',NULL),(1,0000000000,0000000000,0000000000,0000000000,0000000000,2,'2016/12/08 10:40:03',NULL),(1,0000000000,0000000077,0000000000,0000000000,0000000000,9,'2016/12/08 11:09:01',NULL),(1,0000000000,0000000077,0000000000,0000000008,0000000001,12,'2016/12/08 11:09:01',NULL),(1,0000000000,0000000077,0000000000,0000000009,0000000001,12,'2016/12/08 11:09:01',NULL),(1,0000000000,0000000077,0000000000,0000000001,0000000002,12,'2016/12/08 11:09:01',NULL),(1,0000000000,0000000077,0000000000,0000000009,0000000002,12,'2016/12/08 11:09:01',NULL),(1,0000000000,0000000078,0000000000,0000000000,0000000000,9,'2016/12/08 11:11:44',NULL),(1,0000000000,0000000078,0000000000,0000000001,0000000002,12,'2016/12/08 11:11:44',NULL),(1,0000000000,0000000078,0000000000,0000000007,0000000001,12,'2016/12/08 11:11:44',NULL),(1,0000000000,0000000078,0000000000,0000000002,0000000004,12,'2016/12/08 11:11:44',NULL),(1,0000000000,0000000000,0000000000,0000000000,0000000000,2,'2016/12/08 11:15:31',NULL),(1,0000000000,0000000000,0000000000,0000000000,0000000000,2,'2016/12/08 11:21:22',NULL),(1,0000000000,0000000000,0000000000,0000000000,0000000000,2,'2016/12/08 11:22:53',NULL),(1,0000000000,0000000077,0000000000,0000000000,0000000000,9,'2016/12/08 11:37:05',NULL),(1,0000000000,0000000077,0000000000,0000000008,0000000001,12,'2016/12/08 11:37:05',NULL),(1,0000000000,0000000077,0000000000,0000000009,0000000001,12,'2016/12/08 11:37:05',NULL),(1,0000000000,0000000000,0000000000,0000000000,0000000000,2,'2016/12/08 12:17:13',NULL),(1,0000000000,0000000000,0000000000,0000000000,0000000000,2,'2016/12/08 12:18:59',NULL),(1,0000000000,0000000000,0000000000,0000000000,0000000000,2,'2016/12/08 14:50:10',NULL),(1,0000000000,0000000000,0000000000,0000000000,0000000000,2,'2016/12/08 15:04:59',NULL),(1,0000000000,0000000001,0000000000,0000000000,0000000000,14,'2016/12/08 15:06:24',NULL),(1,0000000000,0000000000,0000000000,0000000000,0000000000,2,'2016/12/08 15:09:19',NULL),(1,0000000000,0000000001,0000000000,0000000000,0000000000,14,'2016/12/08 15:09:53',NULL),(1,0000000000,0000000001,0000000000,0000000000,0000000000,14,'2016/12/08 15:16:34',NULL),(1,0000000000,0000000000,0000000000,0000000000,0000000000,2,'2016/12/08 15:19:20',NULL),(1,0000000000,0000000001,0000000000,0000000000,0000000000,14,'2016/12/08 15:19:50',NULL),(1,0000000000,0000000001,0000000000,0000000000,0000000000,14,'2016/12/08 15:22:41',NULL),(1,0000000000,0000000000,0000000000,0000000000,0000000000,2,'2016/12/08 17:18:46',NULL),(1,0000000000,0000000078,0000000000,0000000000,0000000000,9,'2016/12/08 17:46:29',NULL),(1,0000000000,0000000078,0000000000,0000000007,0000000001,12,'2016/12/08 17:46:29',NULL),(1,0000000000,0000000078,0000000000,0000000002,0000000004,12,'2016/12/08 17:46:29',NULL),(1,0000000000,0000000078,0000000000,0000000008,0000000001,12,'2016/12/08 17:46:29',NULL),(1,0000000000,0000000078,0000000000,0000000009,0000000001,12,'2016/12/08 17:46:29',NULL),(1,0000000000,0000000078,0000000000,0000000009,0000000002,12,'2016/12/08 17:46:29',NULL),(1,0000000000,0000000000,0000000000,0000000000,0000000000,2,'2016/12/08 20:02:41',NULL),(1,0000000000,0000000000,0000000000,0000000000,0000000000,2,'2016/12/08 20:03:59',NULL),(1,0000000000,0000000000,0000000000,0000000000,0000000000,2,'2016/12/08 20:13:57',NULL),(1,0000000000,0000000000,0000000000,0000000000,0000000000,2,'2016/12/08 20:17:19',NULL),(1,0000000000,0000000000,0000000027,0000000000,0000000000,4,'2016/12/08 20:42:22',NULL),(1,0000000000,0000000000,0000000027,0000000015,0000000001,7,'2016/12/08 20:43:49',NULL),(1,0000000000,0000000000,0000000027,0000000016,0000000001,7,'2016/12/08 20:44:25',NULL),(1,0000000000,0000000000,0000000027,0000000003,0000000004,7,'2016/12/08 20:45:00',NULL),(1,0000000000,0000000000,0000000027,0000000004,0000000004,7,'2016/12/08 20:45:38',NULL),(1,0000000000,0000000000,0000000027,0000000016,0000000002,7,'2016/12/08 20:46:26',NULL),(1,0000000000,0000000000,0000000027,0000000017,0000000002,7,'2016/12/08 20:48:31',NULL),(1,0000000000,0000000000,0000000027,0000000017,0000000001,7,'2016/12/08 20:48:52',NULL),(1,0000000000,0000000000,0000000027,0000000018,0000000001,7,'2016/12/08 20:49:06',NULL),(1,0000000000,0000000000,0000000027,0000000005,0000000004,7,'2016/12/08 20:49:25',NULL),(1,0000000000,0000000000,0000000027,0000000006,0000000004,7,'2016/12/08 20:50:05',NULL),(1,0000000000,0000000000,0000000027,0000000004,0000000003,7,'2016/12/08 20:51:20',NULL),(1,0000000000,0000000000,0000000027,0000000005,0000000003,7,'2016/12/08 20:51:36',NULL),(1,0000000000,0000000081,0000000000,0000000000,0000000000,9,'2016/12/08 20:57:26',NULL),(1,0000000000,0000000081,0000000000,0000000017,0000000001,12,'2016/12/08 20:57:26',NULL),(1,0000000000,0000000081,0000000000,0000000018,0000000001,12,'2016/12/08 20:57:26',NULL),(1,0000000000,0000000081,0000000000,0000000005,0000000004,12,'2016/12/08 20:57:26',NULL),(1,0000000000,0000000081,0000000000,0000000006,0000000004,12,'2016/12/08 20:57:26',NULL),(1,0000000000,0000000081,0000000000,0000000016,0000000002,12,'2016/12/08 20:57:26',NULL),(1,0000000000,0000000081,0000000000,0000000017,0000000002,12,'2016/12/08 20:57:26',NULL),(1,0000000000,0000000081,0000000000,0000000004,0000000003,12,'2016/12/08 20:57:26',NULL),(1,0000000000,0000000081,0000000000,0000000005,0000000003,12,'2016/12/08 20:57:26',NULL),(1,0000000000,0000000081,0000000000,0000000000,0000000000,9,'2016/12/08 20:57:35',NULL),(1,0000000000,0000000081,0000000000,0000000017,0000000001,12,'2016/12/08 20:57:35',NULL),(1,0000000000,0000000081,0000000000,0000000018,0000000001,12,'2016/12/08 20:57:35',NULL),(1,0000000000,0000000081,0000000000,0000000005,0000000004,12,'2016/12/08 20:57:35',NULL),(1,0000000000,0000000081,0000000000,0000000006,0000000004,12,'2016/12/08 20:57:35',NULL),(1,0000000000,0000000081,0000000000,0000000016,0000000002,12,'2016/12/08 20:57:35',NULL),(1,0000000000,0000000081,0000000000,0000000017,0000000002,12,'2016/12/08 20:57:35',NULL),(1,0000000000,0000000081,0000000000,0000000004,0000000003,12,'2016/12/08 20:57:35',NULL),(1,0000000000,0000000081,0000000000,0000000005,0000000003,12,'2016/12/08 20:57:35',NULL),(1,0000000000,0000000001,0000000000,0000000000,0000000000,14,'2016/12/08 20:59:28',NULL),(1,0000000000,0000000000,0000000027,0000000006,0000000003,7,'2016/12/08 21:04:17',NULL),(1,0000000000,0000000000,0000000027,0000000007,0000000003,7,'2016/12/08 21:05:47',NULL),(1,0000000000,0000000001,0000000000,0000000000,0000000000,14,'2016/12/08 21:33:52',NULL),(1,0000000000,0000000001,0000000000,0000000000,0000000000,14,'2016/12/08 21:36:08',NULL),(1,0000000000,0000000001,0000000000,0000000000,0000000000,14,'2016/12/08 21:41:59',NULL),(1,0000000000,0000000001,0000000000,0000000000,0000000000,14,'2016/12/08 23:43:46',NULL),(1,0000000000,0000000001,0000000000,0000000000,0000000000,14,'2016/12/08 23:47:42',NULL);
/*!40000 ALTER TABLE `log` ENABLE KEYS */;
UNLOCK TABLES;

--
-- Table structure for table `message`
--

DROP TABLE IF EXISTS `message`;
/*!40101 SET @saved_cs_client     = @@character_set_client */;
/*!40101 SET character_set_client = utf8 */;
CREATE TABLE `message` (
  `senderID` int(11) DEFAULT NULL,
  `accepterID` int(11) DEFAULT NULL,
  `message` longtext,
  `rread` int(11) DEFAULT NULL,
  `time` varchar(45) DEFAULT NULL,
  `sendername` varchar(45) DEFAULT NULL
) ENGINE=InnoDB DEFAULT CHARSET=utf8;
/*!40101 SET character_set_client = @saved_cs_client */;

--
-- Dumping data for table `message`
--

LOCK TABLES `message` WRITE;
/*!40000 ALTER TABLE `message` DISABLE KEYS */;
INSERT INTO `message` VALUES (1,NULL,NULL,NULL,NULL,NULL),(1,NULL,NULL,NULL,NULL,NULL),(1,2,NULL,1,NULL,NULL),(1,2,'TMY',1,'2016/12/05 14:07:08','tmy'),(1,2,'I am TMY',1,'2016/12/05 14:14:03','tmy'),(1,2,'TMY',1,'2016/12/05 14:07:08','tmy'),(1,2,'TMY',1,'2016/12/05 14:07:08','lsy'),(1,2,'LSYYY',1,'2016/12/05 14:07:08','tmy'),(1,2,'LStttt',1,'2016','tmy'),(1,2,'LSttttttttttttttttttt',1,'2016','tmy'),(1,2,'LSttttttttttttttttttt',1,'2016','tmy'),(1,2,'LSttttttttttttttttttt',1,'2016','tmy'),(1,2,'LSttttttttttttttttttt',1,'2016','tmy'),(1,2,'LSttttttttttttttttttt',1,'2016','tmy'),(1,2,'LSttttttttttttttttttt',1,'2016','tmy'),(1,2,'LSttttttttttttttttttt',1,'2016','tmy'),(1,2,'LSttttttttttttttttttt',1,'2016','tmy'),(1,2,'LSttttttttttttttttttt',1,'2016','tmy'),(1,2,'123',1,'2016','tmy'),(1,2,'123',1,'2016','tmy'),(1,2,'123',1,'2016','tmy'),(1,2,'123',1,'2016','tmy'),(1,2,'123',1,'2016','tmy'),(1,2,'123',1,'2016','tmy'),(1,2,'123',1,'2016','tmy'),(1,2,'123',1,'2016','tmy'),(1,2,'123',1,'2016','tmy'),(1,2,'123',1,'2016','tmy'),(1,2,'123',1,'2016','tmy'),(1,2,'123',1,'2016','tmy'),(1,2,'123',1,'2016','tmy'),(1,2,'123',1,'2016','tmy'),(2,1,'I am TMY2',1,'2016/12/05 15:45:43','tmy2'),(2,1,'I am TMY3',1,'2016/12/05 15:46:21','tmy2'),(0,0,'XXX send you a message',0,'2016/12/05 15:46:47','System'),(1,2,'I am TMY',1,'2016/12/05 15:58:43','tmy'),(1,2,'I am TMY3',1,'2016/12/05 15:58:55','tmy'),(0,1,'XXX send you a message',1,'2016/12/05 15:59:08','System'),(0,1,'XXX send you a message',1,'2016/12/05 16:00:34','System'),(0,0,'tmy回答了您的问题，请你抓紧时间批改哦！',0,'2016/12/07 13:03:40','系统提示您:'),(0,1,'tmy回答了您的问题，请你抓紧时间批改哦！',0,'2016/12/07 16:24:53','系统提示您:'),(0,1,'tmy回答了您的问题，请你抓紧时间批改哦！',0,'2016/12/07 21:37:44','系统提示您:'),(0,1,'tmy回答了您的问题，请你抓紧时间批改哦！',0,'2016/12/07 21:39:21','系统提示您:'),(0,1,'tmy回答了您的问题，请你抓紧时间批改哦！',0,'2016/12/07 21:40:26','系统提示您:'),(1,1,'tmy回答了您的问题，请你抓紧时间批改哦！',0,'2016/12/08 15:06:25','系统提示您:'),(1,1,'tmy回答了您的问题，请你抓紧时间批改哦！',0,'2016/12/08 15:09:54','系统提示您:'),(1,1,'tmy回答了您的问题，请你抓紧时间批改哦！',0,'2016/12/08 15:16:35','系统提示您:'),(1,1,'tmy回答了您的问题，请你抓紧时间批改哦！',0,'2016/12/08 15:19:51','系统提示您:'),(1,1,'tmy回答了您的问题，请你抓紧时间批改哦！',0,'2016/12/08 15:22:42','系统提示您:'),(1,1,'tmy回答了您的问题，请你抓紧时间批改哦！',0,'2016/12/08 20:59:29','系统提示您:'),(1,1,'tmy回答了您的问题，请你抓紧时间批改哦！',0,'2016/12/08 21:33:53','系统提示您:'),(1,1,'tmy回答了您的问题，请你抓紧时间批改哦！',0,'2016/12/08 21:36:10','系统提示您:'),(1,1,'tmy回答了您的问题，请你抓紧时间批改哦！',0,'2016/12/08 21:42:00','系统提示您:'),(1,1,'tmy回答了您的问题，请你抓紧时间批改哦！',0,'2016/12/08 23:43:47','系统提示您:'),(1,1,'tmy回答了您的问题，请你抓紧时间批改哦！',0,'2016/12/08 23:47:43','系统提示您:');
/*!40000 ALTER TABLE `message` ENABLE KEYS */;
UNLOCK TABLES;

--
-- Table structure for table `multy`
--

DROP TABLE IF EXISTS `multy`;
/*!40101 SET @saved_cs_client     = @@character_set_client */;
/*!40101 SET character_set_client = utf8 */;
CREATE TABLE `multy` (
  `id` int(11) NOT NULL AUTO_INCREMENT,
  `context` varchar(45) NOT NULL,
  `A` varchar(45) DEFAULT NULL,
  `B` varchar(45) DEFAULT NULL,
  `C` varchar(45) DEFAULT NULL,
  `D` varchar(45) DEFAULT NULL,
  `E` varchar(45) DEFAULT NULL,
  `F` varchar(45) DEFAULT NULL,
  `ans` char(6) DEFAULT NULL,
  `analysis` varchar(45) DEFAULT NULL,
  `score` int(11) DEFAULT '2',
  PRIMARY KEY (`id`)
) ENGINE=InnoDB AUTO_INCREMENT=7 DEFAULT CHARSET=utf8;
/*!40101 SET character_set_client = @saved_cs_client */;

--
-- Dumping data for table `multy`
--

LOCK TABLES `multy` WRITE;
/*!40000 ALTER TABLE `multy` DISABLE KEYS */;
INSERT INTO `multy` VALUES (1,'testMulty1','1','2','3','4','','','110100','无',0),(2,'第一个多选题','111','222','333','444','','','011000','无',0),(3,'答案是AB','选项A','选项B','','','','','110000','答案是AB',0),(4,'答案是ABCD','A','B','C','D','E','F','111100','答案是ABCD',0),(5,'AB','A','B','','','','','110000','AB',5),(6,'ABCD','A','B','C','D','E','F','111100','ABCD',12);
/*!40000 ALTER TABLE `multy` ENABLE KEYS */;
UNLOCK TABLES;

--
-- Table structure for table `questionbase`
--

DROP TABLE IF EXISTS `questionbase`;
/*!40101 SET @saved_cs_client     = @@character_set_client */;
/*!40101 SET character_set_client = utf8 */;
CREATE TABLE `questionbase` (
  `id` int(11) NOT NULL AUTO_INCREMENT,
  `userID` int(11) DEFAULT NULL,
  `title` varchar(45) DEFAULT NULL,
  `description` varchar(60) DEFAULT NULL,
  PRIMARY KEY (`id`),
  UNIQUE KEY `id_UNIQUE` (`id`)
) ENGINE=InnoDB AUTO_INCREMENT=28 DEFAULT CHARSET=utf8;
/*!40101 SET character_set_client = @saved_cs_client */;

--
-- Dumping data for table `questionbase`
--

LOCK TABLES `questionbase` WRITE;
/*!40000 ALTER TABLE `questionbase` DISABLE KEYS */;
INSERT INTO `questionbase` VALUES (2,1,'题库2','第二个题库'),(3,1,'题库3','第三个题库'),(5,1,'题库4','第四个题库'),(11,1,'null','null'),(12,1,'null','null'),(13,1,'null','null'),(14,1,'null','null'),(15,1,'null','null'),(16,1,'null','null'),(17,1,'null','null'),(18,1,'题库tmy','tmy的题库'),(21,1,'testLog','testlog'),(22,1,'testLog','testLog'),(23,1,'testMergeYC','testMergeYC'),(24,1,'testAandQ','testAandQ'),(25,1,'','testMulty'),(26,1,'testMulty','testMulty'),(27,1,'Final','test');
/*!40000 ALTER TABLE `questionbase` ENABLE KEYS */;
UNLOCK TABLES;

--
-- Table structure for table `questionbase_question`
--

DROP TABLE IF EXISTS `questionbase_question`;
/*!40101 SET @saved_cs_client     = @@character_set_client */;
/*!40101 SET character_set_client = utf8 */;
CREATE TABLE `questionbase_question` (
  `questionBaseID` int(10) unsigned zerofill DEFAULT NULL,
  `questionID` int(11) NOT NULL,
  `type` int(11) NOT NULL
) ENGINE=InnoDB DEFAULT CHARSET=utf8;
/*!40101 SET character_set_client = @saved_cs_client */;

--
-- Dumping data for table `questionbase_question`
--

LOCK TABLES `questionbase_question` WRITE;
/*!40000 ALTER TABLE `questionbase_question` DISABLE KEYS */;
INSERT INTO `questionbase_question` VALUES (0000000002,1,1),(0000000002,2,1),(0000000018,4,1),(0000000002,5,1),(0000000005,6,1),(0000000018,7,1),(0000000003,8,1),(0000000003,1,2),(0000000003,9,1),(0000000003,9,2),(0000000003,11,2),(0000000002,12,2),(0000000022,10,1),(0000000022,11,1),(0000000022,12,1),(0000000022,13,2),(0000000022,14,2),(0000000002,15,2),(0000000022,13,1),(0000000023,14,1),(0000000024,2,3),(0000000026,2,4),(0000000024,3,3),(0000000027,16,2),(0000000027,17,2),(0000000027,17,1),(0000000027,18,1),(0000000027,5,4),(0000000027,6,4),(0000000027,4,3),(0000000027,5,3),(0000000027,7,3);
/*!40000 ALTER TABLE `questionbase_question` ENABLE KEYS */;
UNLOCK TABLES;

--
-- Table structure for table `selection`
--

DROP TABLE IF EXISTS `selection`;
/*!40101 SET @saved_cs_client     = @@character_set_client */;
/*!40101 SET character_set_client = utf8 */;
CREATE TABLE `selection` (
  `id` int(11) NOT NULL AUTO_INCREMENT,
  `context` text NOT NULL,
  `A` varchar(60) DEFAULT NULL,
  `B` varchar(60) DEFAULT NULL,
  `C` varchar(60) DEFAULT NULL,
  `D` varchar(60) DEFAULT NULL,
  `E` varchar(60) DEFAULT NULL,
  `F` varchar(60) DEFAULT NULL,
  `ans` char(1) DEFAULT NULL,
  `analysis` text,
  `score` int(11) DEFAULT '1',
  `scoreA` int(10) DEFAULT NULL,
  `scoreB` int(10) DEFAULT NULL,
  `scoreC` int(10) DEFAULT NULL,
  `scoreD` int(10) DEFAULT NULL,
  `scoreE` int(10) DEFAULT NULL,
  `scoreF` int(10) DEFAULT NULL,
  PRIMARY KEY (`id`)
) ENGINE=InnoDB AUTO_INCREMENT=19 DEFAULT CHARSET=utf8;
/*!40101 SET character_set_client = @saved_cs_client */;

--
-- Dumping data for table `selection`
--

LOCK TABLES `selection` WRITE;
/*!40000 ALTER TABLE `selection` DISABLE KEYS */;
INSERT INTO `selection` VALUES (1,'题库2的第一个题','A','B','C','D','E','F','4','null',10,1,1,1,1,1,1),(2,'题库2的第二个题','A','B','C','D','E','F','3','null',6,1,1,1,1,1,1),(4,'tmy快疯了没有','没有','有','','','','','2','null',100,0,0,0,0,0,0),(5,'题库2的第三个题','1','2','3','4','5','6','6','null',1,0,0,0,0,0,0),(6,'题库4的第一个题','11','22','33','44','55','66','5','null',1,0,0,0,0,0,0),(7,'test','aaa','bbb','','','','','1','null',10,0,0,0,0,0,0),(8,'题库3的第一个单选题','11','22','33','44','55','','1','阿斯蒂芬',1,0,0,0,0,0,0),(9,'题库3的第二个单选题','11','22','33','','','','2','阿斯顿发生',2,0,0,0,0,0,0),(10,'选择题1','1','12','123','1234','','','1','1234',1,0,0,0,0,0,0),(11,'单选2','问题','阿斯蒂芬','','','','','2','萨达股份',1,0,0,0,0,0,0),(12,'单选2','问题','阿斯蒂芬','','','','','2','萨达股份',1,0,0,0,0,0,0),(13,'单选3','AA','BB','','','','','2','',1,0,0,0,0,0,0),(14,'testYC问答题1','123','1234','','','','','1','',1,0,0,0,0,0,0),(15,'这个题答案是1','答案','不要选','','','','','1','答案是A',10,0,0,0,0,0,0),(16,'答案是B啊','错误的','答案','','','','','2','答案是B',0,0,0,0,0,0,0),(17,'A  ','A','B','','','','','1','A ',5,0,0,0,0,0,0),(18,'B','A','B','','','','','2','B',0,0,0,0,0,0,0);
/*!40000 ALTER TABLE `selection` ENABLE KEYS */;
UNLOCK TABLES;

--
-- Table structure for table `textblank`
--

DROP TABLE IF EXISTS `textblank`;
/*!40101 SET @saved_cs_client     = @@character_set_client */;
/*!40101 SET character_set_client = utf8 */;
CREATE TABLE `textblank` (
  `id` int(11) NOT NULL AUTO_INCREMENT,
  `context` mediumtext NOT NULL,
  `num` int(1) unsigned zerofill NOT NULL,
  `A` varchar(45) DEFAULT NULL,
  `B` varchar(45) DEFAULT NULL,
  `C` varchar(45) DEFAULT NULL,
  `D` varchar(45) DEFAULT NULL,
  `E` varchar(45) DEFAULT NULL,
  `F` varchar(45) DEFAULT NULL,
  `analysis` varchar(45) DEFAULT '无',
  `score` int(10) DEFAULT '0',
  PRIMARY KEY (`id`)
) ENGINE=InnoDB AUTO_INCREMENT=18 DEFAULT CHARSET=utf8;
/*!40101 SET character_set_client = @saved_cs_client */;

--
-- Dumping data for table `textblank`
--

LOCK TABLES `textblank` WRITE;
/*!40000 ALTER TABLE `textblank` DISABLE KEYS */;
INSERT INTO `textblank` VALUES (1,'题库3的第1个填空题',3,'a','ab','abc',NULL,NULL,NULL,'无',0),(2,'3号题库的第一个填空题',3,'111','222','333','','','','无',3),(3,'3号题库的第一个填空题',3,'111','222','333','','','','无',3),(4,'3号题库的第一个填空题',3,'111','222','333','','','','无',3),(5,'3号题库的第一个填空题',3,'111','222','333','','','','无',3),(6,'3号题库的第一个填空题',3,'111','222','333','','','','无',3),(7,'3号题库的第一个填空题',3,'111','222','333','','','','无',3),(8,'3号题库的第一个填空题',3,'111','222','333','','','','无',3),(9,'3号题库的第一个填空题',3,'111','222','333','','','','无',3),(10,'题库3的第二个填空题',2,'a','b','','','','','',2),(11,'题库3的第二个填空题',2,'a','b','','','','','',2),(12,'题库2的第1个填空题',5,'21','22','23','24','25','','无',0),(13,'填空题1',2,'A','B','','','','','WEF',0),(14,'填空2',2,'12','123','','','','','',0),(15,'填空2',2,'11','22','','','','','',0),(16,'她的生日是哪一天？',2,'12','17','','','','','12  17',5),(17,'答案是 1  2',2,'1','2','','','','','1  2是答案',15);
/*!40000 ALTER TABLE `textblank` ENABLE KEYS */;
UNLOCK TABLES;

--
-- Table structure for table `user`
--

DROP TABLE IF EXISTS `user`;
/*!40101 SET @saved_cs_client     = @@character_set_client */;
/*!40101 SET character_set_client = utf8 */;
CREATE TABLE `user` (
  `id` int(11) NOT NULL AUTO_INCREMENT,
  `name` varchar(45) DEFAULT NULL,
  `password` varchar(30) DEFAULT NULL,
  `mail` varchar(50) DEFAULT NULL,
  `questionBaseID` varchar(45) DEFAULT NULL,
  `tencentOpenID` varchar(45) DEFAULT NULL,
  `tencentToken` varchar(45) DEFAULT NULL,
  PRIMARY KEY (`id`),
  UNIQUE KEY `id_UNIQUE` (`id`)
) ENGINE=InnoDB AUTO_INCREMENT=7 DEFAULT CHARSET=utf8;
/*!40101 SET character_set_client = @saved_cs_client */;

--
-- Dumping data for table `user`
--

LOCK TABLES `user` WRITE;
/*!40000 ALTER TABLE `user` DISABLE KEYS */;
INSERT INTO `user` VALUES (1,'tmy','1015',NULL,NULL,NULL,NULL),(2,'tmy2','1015',NULL,NULL,NULL,NULL),(3,'','',NULL,NULL,NULL,NULL),(4,'','',NULL,NULL,NULL,NULL),(5,'friend1','1015',NULL,NULL,NULL,NULL),(6,'yc','ycyc',NULL,NULL,'272CC8048B74EDC135C32AF8D30A23A2','FF2B9C18D3402BEDC01413ED51A03691');
/*!40000 ALTER TABLE `user` ENABLE KEYS */;
UNLOCK TABLES;

--
-- Table structure for table `user_questionbase`
--

DROP TABLE IF EXISTS `user_questionbase`;
/*!40101 SET @saved_cs_client     = @@character_set_client */;
/*!40101 SET character_set_client = utf8 */;
CREATE TABLE `user_questionbase` (
  `userID` int(11) DEFAULT NULL,
  `questionBaseID` int(11) NOT NULL
) ENGINE=InnoDB DEFAULT CHARSET=utf8;
/*!40101 SET character_set_client = @saved_cs_client */;

--
-- Dumping data for table `user_questionbase`
--

LOCK TABLES `user_questionbase` WRITE;
/*!40000 ALTER TABLE `user_questionbase` DISABLE KEYS */;
INSERT INTO `user_questionbase` VALUES (1,2),(1,3),(1,18),(1,22),(1,24),(1,26),(1,27);
/*!40000 ALTER TABLE `user_questionbase` ENABLE KEYS */;
UNLOCK TABLES;

--
-- Table structure for table `weibofriend`
--

DROP TABLE IF EXISTS `weibofriend`;
/*!40101 SET @saved_cs_client     = @@character_set_client */;
/*!40101 SET character_set_client = utf8 */;
CREATE TABLE `weibofriend` (
  `A` varchar(45) NOT NULL,
  `B` varchar(45) NOT NULL,
  `type` int(11) DEFAULT '0',
  `openB` varchar(45) DEFAULT NULL
) ENGINE=InnoDB DEFAULT CHARSET=utf8;
/*!40101 SET character_set_client = @saved_cs_client */;

--
-- Dumping data for table `weibofriend`
--

LOCK TABLES `weibofriend` WRITE;
/*!40000 ALTER TABLE `weibofriend` DISABLE KEYS */;
INSERT INTO `weibofriend` VALUES ('yc','Tourist',1,NULL),('yc','RIKO',1,NULL),('yc','刘博皓',1,NULL),('yc','u7男人要活的高傲丶',1,NULL),('yc','Zhang47',1,NULL),('yc','毅少',1,NULL),('yc','刘元清',1,NULL),('yc','黄睿',1,NULL),('yc','刘雨桐',1,NULL),('yc','迟旭',1,NULL),('yc','有本事你咬我阿',1,NULL),('yc','司佳蓉',1,NULL),('yc','胡铭秋',1,NULL),('yc','诡异--夜',1,NULL),('yc','高玉涵',1,NULL),('yc','升瘦瘦',1,NULL),('yc','帅哥妈妈',1,NULL),('yc','夏雅桐',1,NULL),('yc','安然',1,NULL),('yc','请叫我美男子',1,NULL),('yc','李佳男',1,NULL),('yc','史明狄',1,NULL),('yc','哈师大14数学二班李天意',1,NULL),('yc','匡金凤',1,NULL),('yc','马源廷',1,NULL),('yc','于越',1,NULL),('yc','孙小楠',1,NULL),('yc','张翰奇',1,NULL),('yc','199653',1,NULL),('yc','刘岩',1,NULL);
/*!40000 ALTER TABLE `weibofriend` ENABLE KEYS */;
UNLOCK TABLES;
/*!40103 SET TIME_ZONE=@OLD_TIME_ZONE */;

/*!40101 SET SQL_MODE=@OLD_SQL_MODE */;
/*!40014 SET FOREIGN_KEY_CHECKS=@OLD_FOREIGN_KEY_CHECKS */;
/*!40014 SET UNIQUE_CHECKS=@OLD_UNIQUE_CHECKS */;
/*!40101 SET CHARACTER_SET_CLIENT=@OLD_CHARACTER_SET_CLIENT */;
/*!40101 SET CHARACTER_SET_RESULTS=@OLD_CHARACTER_SET_RESULTS */;
/*!40101 SET COLLATION_CONNECTION=@OLD_COLLATION_CONNECTION */;
/*!40111 SET SQL_NOTES=@OLD_SQL_NOTES */;

-- Dump completed on 2016-12-08 23:55:01
